"SNP","CHROM","POS","REF","ALT","Effect","SE","AminoAcids_Blup.FarmCPU"
"S1_82913274",1,84585537,"T","A",0.0691818265774573,0.0143327998239491,1.95373476697086e-08
"S1_206160442",1,208986948,"C","T",-0.0881285911022543,0.0168946803741172,9.45822207562057e-09
"S1_213155500",1,216282599,"A","T",-0.0542658956797905,0.011556333940109,1.94075972357749e-08
"S1_275027631",1,279919309,"G","C",0.10880531184115,0.0201831320398047,3.63205010290334e-10
"S2_6190611",2,6144753,"C","G",0.0705141546539776,0.0148999209655704,8.02477862923296e-08
"S3_176332371",3,178900353,"T","G",0.0524652821159786,0.011957910189462,1.92227701635547e-08
"S3_212712274",3,216411516,"C","A",-0.0513833047663147,0.00992263493084678,3.2706134801647e-09
"S4_2435791",4,3015116,"G","C",0.10721723687967,0.0208106126056274,1.93829973460224e-08
"S5_1680131",5,1717656,"A","G",0.0399780892162609,0.00770994403341347,1.37004712942679e-08
"S6_44381911",6,46129219,"C","G",-0.0540442020627595,0.0117060307224006,4.00837230367698e-08
"S8_173704036",8,178936545,"T","G",-0.0426317352719504,0.0078422037307821,1.06324599259538e-09
"S9_86306426",9,89638655,"T","C",0.0689832776863245,0.0147069912388987,4.45363757759552e-08
"S10_100126031",10,100647001,"G","C",-0.11859689287501,0.0255599720546341,1.42125821891897e-07
