"SNP","CHROM","POS","REF","ALT","Effect","SE","ChlorophyllA_Blup.FarmCPU"
"S1_232657218",1,236253183,"A","T",1.03855881746689,0.201348251556761,1.03308760924693e-08
"S2_2095951",2,2094318,"A","C",1.00900470933115,0.166083501540191,9.87229732991007e-11
"S2_51330891",2,53373870,"C","T",-1.18171207287567,0.25832088160824,1.26248786375597e-07
"S3_10686024",3,9988077,"T","C",0.84330643652936,0.168267260663617,9.81963545578714e-08
"S3_202768173",3,206033486,"G","A",-1.74828510245544,0.387970496133626,1.01466931289493e-07
"S4_52898883",4,55132134,"T","C",-1.12846663526265,0.224053104632385,3.78368935328627e-09
"S4_179613845",4,182568460,"T","G",-0.994183061412144,0.200325471188095,1.63028919307994e-08
"S4_216732959",4,220873869,"G","A",1.3663279470877,0.268948831866487,2.12430879504261e-09
"S5_46533666",5,48038752,"C","T",1.44288691387366,0.300533465167962,5.18238810735377e-08
"S5_208918905",5,214714147,"T","G",-0.940296867561031,0.150247172662663,4.73591836185094e-12
"S6_165555375",6,169706959,"G","A",-2.86234261087418,0.611555085715528,2.3257299209747e-08
"S9_23709610",9,23587291,"C","T",-1.59859785603525,0.206130485213428,6.59638074739877e-16
