"SNP","CHROM","POS","REF","ALT","Effect","SE","Fructose_Blup.FarmCPU"
"S1_71539491",1,72834022,"G","A",0.047199811085293,0.0110547955607696,1.45737601339101e-07
"S1_166060726",1,167762639,"G","C",-0.066600442728579,0.0132343740250986,8.05863087059912e-09
"S2_203257676",2,209828281,"C","A",-0.0628375209454947,0.0122893259948247,3.12284726629138e-08
"S2_205475708",2,212300775,"A","G",0.0445881122187311,0.00850213144494529,2.14238146155872e-09
"S3_4887502",3,4166269,"T","G",-0.016413578753932,0.00241429417247016,2.05911435324299e-13
"S3_217238183",3,220850287,"G","A",0.0141248727632489,0.00334502734524644,5.16625671823626e-08
"S5_2354567",5,2435462,"C","A",-0.015379677504016,0.00286121876960569,4.62247077064473e-09
"S5_102061002",5,104625983,"G","A",-0.0472466236373519,0.0115971320225987,3.53183988168746e-08
"S5_208095775",5,213844843,"G","C",0.0505164135535456,0.0108315287077708,9.47249289851104e-08
"S7_1943876",7,2074073,"G","A",-0.0269397720469291,0.00518345411860019,2.2817018927709e-08
"S7_129961605",7,133996511,"C","T",0.0342715609165513,0.00737541484928995,1.22871497669644e-07
"S10_91770080",10,91875898,"T","C",0.0461381488889263,0.01060779676022,1.18992163145842e-07
