"SNP","CHROM","POS","REF","ALT","Effect","SE","Fumarate_Blup.FarmCPU"
"S2_142865761",2,147347212,"T","A",-0.00452214448394739,0.000855618652594406,1.31715546862714e-07
"S2_142865788",2,147347239,"G","A",-0.00446553075605168,0.000827589867238891,7.18484983450198e-08
"S2_142865818",2,147347269,"C","T",-0.00439306023319341,0.000828134555707908,1.18444514890059e-07
