"SNP","CHROM","POS","REF","ALT","Effect","SE","Glucose_Blup.FarmCPU"
"S1_48642293",1,49045177,"C","A",0.0319691113761352,0.00578540675433317,3.42433950864254e-10
"S4_126473690",4,129475644,"G","A",-0.0308381780441656,0.00684640351746692,1.11658014800475e-07
"S5_3788740",5,3902248,"C","T",-0.0470073167071058,0.00862689402675649,2.12232756525013e-09
"S5_167068439",5,170982089,"T","C",0.07692180367448,0.0142763666813704,7.10949892226354e-09
"S7_174569721",7,180130893,"C","A",0.0336276901530412,0.00569697031183984,5.92981190298472e-11
