"SNP","CHROM","POS","REF","ALT","Effect","SE","Glutamate_Blup.FarmCPU"
"S2_186438893",2,192024586,"A","G",0.00435056211962059,0.000908556617536347,1.47593211374044e-07
"S3_210583685",3,214208298,"C","T",-0.0181212045952781,0.00302340554935765,6.67266037650129e-11
"S3_213800054",3,217476057,"G","A",-0.00402433292903206,0.000837624214389312,1.30136904419387e-08
"S3_227451033",3,231366071,"A","T",-0.0102563759078897,0.00170086467421923,7.50238816833695e-11
"S4_171919024",4,174989432,"A","G",-0.0162317268800695,0.00330430979817139,6.80297370149406e-08
"S5_1319817",5,1354453,"C","G",0.00408140247047329,0.000806053450042499,9.76307279018555e-09
"S7_147158324",7,152383893,"G","A",0.017311213929847,0.00344515540349515,1.76194999501694e-08
