"SNP","CHROM","POS","REF","ALT","Effect","SE","Malate_Blup.FarmCPU"
"S1_41428002",1,41792829,"A","G",0.00783899334297647,0.00121593931767541,2.93657201450194e-12
"S1_76340517",1,77840778,"A","T",0.00762544405182253,0.00124848118868592,5.10126168237785e-12
"S2_194113615",2,200049522,"T","C",0.0110620376786569,0.00188190222671441,4.46867727182106e-10
"S3_47499954",3,47294378,"C","T",0.00879415726587832,0.00167672810558774,2.61775358643891e-09
"S3_60645509",3,60681669,"T","C",-0.00805352258390223,0.00162496937085546,2.98815543258303e-08
"S6_5510503",6,6264521,"A","G",-0.00728986627550601,0.00149127338065683,2.52386707592308e-08
"S7_172879110",7,178001358,"T","C",0.0157936629106333,0.00257057670615598,2.30552777190725e-11
