"SNP","CHROM","POS","REF","ALT","Effect","SE","Starch_Blup.FarmCPU"
"S1_2957562",1,3052368,"G","T",-0.0527757361148803,0.00832468299064725,2.42584924983621e-11
"S1_34716132",1,35021018,"G","A",-0.0448021129097343,0.00876046686452836,9.0977704584827e-10
"S1_71539303",1,72833834,"G","A",0.0938444375357054,0.0153270234496287,7.0623491739337e-11
"S2_190425113",2,196152512,"C","G",-0.027572287682313,0.00537083543158656,2.02167199604902e-08
"S3_136907116",3,137589397,"A","C",0.068041611901958,0.0108374512137561,1.33534166611002e-11
"S3_137229540",3,137904513,"G","A",-0.0992875928779684,0.0183241032203634,1.73770422615182e-09
"S3_176511883",3,179024554,"C","G",0.0949262450646663,0.0150714097846568,3.44651767763854e-12
"S4_10877321",4,11762022,"T","C",-0.0862410710169323,0.0154218485563073,2.07272082318517e-12
"S6_158449502",6,162602654,"C","T",0.0644585212843869,0.0109452844492836,1.59712292226138e-10
"S7_21799446",7,22846028,"G","C",-0.0449813564378964,0.00976845176171748,4.94373071932091e-09
"S7_155026164",7,160353393,"T","C",0.040049805961281,0.00843952866720649,6.16052178680496e-08
"S8_145140733",8,149451918,"C","T",-0.0866595250935737,0.0155082564245672,4.00594903615896e-10
"S8_165858704",8,171067540,"T","G",0.0243985092958695,0.00402099547147645,4.27260506691052e-12
"S8_172973495",8,178296923,"A","G",0.0686097523877702,0.0137747584385243,3.42763390733116e-08
